location_id,service_id,phone_id,source,target,reason,url,excel_link,text_excerpt
00202fe2-d1d7-4745-9046-c4c8571cf7bd,,,event,service_other_info,location_event_not_supported,https://gogetta.nyc/team/location/00202fe2-d1d7-4745-9046-c4c8571cf7bd,"=HYPERLINK(""https://gogetta.nyc/team/location/00202fe2-d1d7-4745-9046-c4c8571cf7bd"")",Closed until further notice. Check https://thefoodpantry.studentgroups.columbia.edu/ for other locations
031fc978-a2cb-423b-8f30-7df2cc9aac8d,,,event,service_other_info,location_event_not_supported,https://gogetta.nyc/team/location/031fc978-a2cb-423b-8f30-7df2cc9aac8d,"=HYPERLINK(""https://gogetta.nyc/team/location/031fc978-a2cb-423b-8f30-7df2cc9aac8d"")","This location has been moved to Woodhaven Clinic at <a href=""https://yourpeer.nyc/locations/catholic-charities-brooklyn-and-queens-ccbq-woodhaven"">78-15 Jamaica Ave</a>
"
0363d796-2e71-4ea5-8776-f791ff9e295b,,,event,service_other_info,location_event_not_supported,https://gogetta.nyc/team/location/0363d796-2e71-4ea5-8776-f791ff9e295b,"=HYPERLINK(""https://gogetta.nyc/team/location/0363d796-2e71-4ea5-8776-f791ff9e295b"")","• This location is moved to <a href=""https://yourpeer.nyc/locations/wuawsu-project-inc-1272-ogden-ave"" >1272 Ogden Ave</a>."
03eb72f6-a336-4f9d-aee7-af7106bd0133,,,event,service_other_info,location_event_not_supported,https://gogetta.nyc/team/location/03eb72f6-a336-4f9d-aee7-af7106bd0133,"=HYPERLINK(""https://gogetta.nyc/team/location/03eb72f6-a336-4f9d-aee7-af7106bd0133"")","• Moved to <a href=""https://yourpeer.nyc/locations/new-york-common-pantry-nycp-mott-haven"" >788 Southern Blvd, Bronx, NY 10455</a>."
069b9234-5500-4a47-9b27-1dffea1b6e14,,,event,service_other_info,location_event_not_supported,https://gogetta.nyc/team/location/069b9234-5500-4a47-9b27-1dffea1b6e14,"=HYPERLINK(""https://gogetta.nyc/team/location/069b9234-5500-4a47-9b27-1dffea1b6e14"")","This location is an administrative office. They offer education in neighboring schools, there is no way to sign up unless it is offered at your school."
08969091-de4f-4a3f-9001-219c0d3005bd,,,event,service_other_info,location_event_not_supported,https://gogetta.nyc/team/location/08969091-de4f-4a3f-9001-219c0d3005bd,"=HYPERLINK(""https://gogetta.nyc/team/location/08969091-de4f-4a3f-9001-219c0d3005bd"")",This location is temporarily closed.
08c4a013-bf60-430f-a960-ad8f045db762,,,event,service_other_info,location_event_not_supported,https://gogetta.nyc/team/location/08c4a013-bf60-430f-a960-ad8f045db762,"=HYPERLINK(""https://gogetta.nyc/team/location/08c4a013-bf60-430f-a960-ad8f045db762"")",This location is temporarily closed.
0a215160-a8b4-4e61-968c-c9b492539b79,35fd2d57-62e4-4906-8499-dc16ba840f80,,event,service_other_info,broken_html,https://gogetta.nyc/team/location/0a215160-a8b4-4e61-968c-c9b492539b79/services/35fd2d57-62e4-4906-8499-dc16ba840f80/other-info,"=HYPERLINK(""https://gogetta.nyc/team/location/0a215160-a8b4-4e61-968c-c9b492539b79/services/35fd2d57-62e4-4906-8499-dc16ba840f80/other-info"")","Please call or submit a <a href=""https://vianyc.org/contact/"" target=""_blank"" rel=""noopener noreferrer"">contact form on the website</a>, and someone will get back to you. You can also email at a href="
0dac6534-0eec-4dda-b221-896df5297c62,,,event,service_other_info,location_event_not_supported,https://gogetta.nyc/team/location/0dac6534-0eec-4dda-b221-896df5297c62,"=HYPERLINK(""https://gogetta.nyc/team/location/0dac6534-0eec-4dda-b221-896df5297c62"")",This location is temporarily closed.
0e5a7b8e-0975-4873-aaae-9647e9a805ee,,,event,service_other_info,location_event_not_supported,https://gogetta.nyc/team/location/0e5a7b8e-0975-4873-aaae-9647e9a805ee,"=HYPERLINK(""https://gogetta.nyc/team/location/0e5a7b8e-0975-4873-aaae-9647e9a805ee"")","This location is temporarily closed. <a href=""https://yourpeer.nyc/locations/haitian-americans-united-for-progress-haup-flatbush"">Visit their Brooklyn location</a>."
15ac5695-33b2-4ced-b2f6-605d4abc8fe6,,,event,service_other_info,location_event_not_supported,https://gogetta.nyc/team/location/15ac5695-33b2-4ced-b2f6-605d4abc8fe6,"=HYPERLINK(""https://gogetta.nyc/team/location/15ac5695-33b2-4ced-b2f6-605d4abc8fe6"")",Temporarily closed until July
16b1dcaa-6080-4f6c-8d29-082b13860c37,,,event,service_other_info,location_event_not_supported,https://gogetta.nyc/team/location/16b1dcaa-6080-4f6c-8d29-082b13860c37,"=HYPERLINK(""https://gogetta.nyc/team/location/16b1dcaa-6080-4f6c-8d29-082b13860c37"")","• This location has moved to <a href=""https://yourpeer.nyc/locations/bay-ridge-center-bay-ridge-15-bay-ridge-ave#Older-Adults-Programming"" >15 Bay Ridge Ave</a>."
17f3767e-7ba5-494c-85a7-7d5ba2634de7,,,event,service_other_info,location_event_not_supported,https://gogetta.nyc/team/location/17f3767e-7ba5-494c-85a7-7d5ba2634de7,"=HYPERLINK(""https://gogetta.nyc/team/location/17f3767e-7ba5-494c-85a7-7d5ba2634de7"")",This location is temporarily closed.
18babea6-5959-4df8-970d-84b85220cd2d,,,event,service_other_info,location_event_not_supported,https://gogetta.nyc/team/location/18babea6-5959-4df8-970d-84b85220cd2d,"=HYPERLINK(""https://gogetta.nyc/team/location/18babea6-5959-4df8-970d-84b85220cd2d"")",This location is temporarily closed.
190f1d88-4c6a-4896-b62f-370dbe4e976f,,,event,service_other_info,location_event_not_supported,https://gogetta.nyc/team/location/190f1d88-4c6a-4896-b62f-370dbe4e976f,"=HYPERLINK(""https://gogetta.nyc/team/location/190f1d88-4c6a-4896-b62f-370dbe4e976f"")",City Relief is at 540 Lenox (Malcolm X Blvd) a block south and across the street.
1994d97d-fe7a-4593-880f-16a2fe5565c2,,,event,service_other_info,location_event_not_supported,https://gogetta.nyc/team/location/1994d97d-fe7a-4593-880f-16a2fe5565c2,"=HYPERLINK(""https://gogetta.nyc/team/location/1994d97d-fe7a-4593-880f-16a2fe5565c2"")",This location is temporarily closed.
1a72c06e-6fd4-45d8-8cbc-7a0698aab78a,,,event,service_other_info,location_event_not_supported,https://gogetta.nyc/team/location/1a72c06e-6fd4-45d8-8cbc-7a0698aab78a,"=HYPERLINK(""https://gogetta.nyc/team/location/1a72c06e-6fd4-45d8-8cbc-7a0698aab78a"")",This location is closed.
1c02a756-8ed4-4519-b1d4-d50aeb7af7fc,,,event,service_other_info,location_event_not_supported,https://gogetta.nyc/team/location/1c02a756-8ed4-4519-b1d4-d50aeb7af7fc,"=HYPERLINK(""https://gogetta.nyc/team/location/1c02a756-8ed4-4519-b1d4-d50aeb7af7fc"")","This location is closed. Other OBT locations are Bushwick (718) 387-1600, Jamaica (718) 526-2984, Sunset Park (718) 369-0303, and the Innovation Lab at Industry City, Sunset Park (718) 801-8970."
1ca2ca1b-5c5a-449f-bd8f-5f51c501ba6e,,,event,service_other_info,location_event_not_supported,https://gogetta.nyc/team/location/1ca2ca1b-5c5a-449f-bd8f-5f51c501ba6e,"=HYPERLINK(""https://gogetta.nyc/team/location/1ca2ca1b-5c5a-449f-bd8f-5f51c501ba6e"")","The church remains open. However, the pantry is closed at this time."
24d1b9b6-d3ed-4cfb-be73-9b77b93ae5a0,,,event,service_other_info,location_event_not_supported,https://gogetta.nyc/team/location/24d1b9b6-d3ed-4cfb-be73-9b77b93ae5a0,"=HYPERLINK(""https://gogetta.nyc/team/location/24d1b9b6-d3ed-4cfb-be73-9b77b93ae5a0"")",Temporarily closed until further notice.
255305a7-bf87-4267-bf36-9a87122fbecc,,,event,service_other_info,location_event_not_supported,https://gogetta.nyc/team/location/255305a7-bf87-4267-bf36-9a87122fbecc,"=HYPERLINK(""https://gogetta.nyc/team/location/255305a7-bf87-4267-bf36-9a87122fbecc"")",This location is temporarily closed.
26153ee8-7333-45fe-a449-69917fa06572,,,event,service_other_info,location_event_not_supported,https://gogetta.nyc/team/location/26153ee8-7333-45fe-a449-69917fa06572,"=HYPERLINK(""https://gogetta.nyc/team/location/26153ee8-7333-45fe-a449-69917fa06572"")",This location is permanently closed.
28f56a7e-76a1-4551-838e-6aff30512fa8,,,event,service_other_info,location_event_not_supported,https://gogetta.nyc/team/location/28f56a7e-76a1-4551-838e-6aff30512fa8,"=HYPERLINK(""https://gogetta.nyc/team/location/28f56a7e-76a1-4551-838e-6aff30512fa8"")",Office currently closed
2ad50741-3989-45db-8617-28a835f0c7d4,,,event,service_other_info,location_event_not_supported,https://gogetta.nyc/team/location/2ad50741-3989-45db-8617-28a835f0c7d4,"=HYPERLINK(""https://gogetta.nyc/team/location/2ad50741-3989-45db-8617-28a835f0c7d4"")",Moved to 2329 Nostrand
31ae2756-2f7f-4806-9f41-2c376267d638,,,event,service_other_info,location_event_not_supported,https://gogetta.nyc/team/location/31ae2756-2f7f-4806-9f41-2c376267d638,"=HYPERLINK(""https://gogetta.nyc/team/location/31ae2756-2f7f-4806-9f41-2c376267d638"")",This location is temporarily closed.
32bbfc09-21ae-4202-92f0-d05fba714d86,,,event,service_other_info,location_event_not_supported,https://gogetta.nyc/team/location/32bbfc09-21ae-4202-92f0-d05fba714d86,"=HYPERLINK(""https://gogetta.nyc/team/location/32bbfc09-21ae-4202-92f0-d05fba714d86"")",Due to fire food pantry is no longer operational
32d40c74-e399-4da3-be00-551852517a4f,,,event,service_other_info,location_event_not_supported,https://gogetta.nyc/team/location/32d40c74-e399-4da3-be00-551852517a4f,"=HYPERLINK(""https://gogetta.nyc/team/location/32d40c74-e399-4da3-be00-551852517a4f"")",This organization does not exist anymore.
34388965-5f1c-4229-a6ea-3cd27e6dc505,,,event,service_other_info,location_event_not_supported,https://gogetta.nyc/team/location/34388965-5f1c-4229-a6ea-3cd27e6dc505,"=HYPERLINK(""https://gogetta.nyc/team/location/34388965-5f1c-4229-a6ea-3cd27e6dc505"")",This location is temporarily closed.
3529c75f-aafa-4aa5-8c11-72f0c13627b3,,,event,service_other_info,location_event_not_supported,https://gogetta.nyc/team/location/3529c75f-aafa-4aa5-8c11-72f0c13627b3,"=HYPERLINK(""https://gogetta.nyc/team/location/3529c75f-aafa-4aa5-8c11-72f0c13627b3"")",This location is temporarily closed.
374d623a-cbaa-42f9-a0b8-f7e6486e0c8c,,,event,service_other_info,location_event_not_supported,https://gogetta.nyc/team/location/374d623a-cbaa-42f9-a0b8-f7e6486e0c8c,"=HYPERLINK(""https://gogetta.nyc/team/location/374d623a-cbaa-42f9-a0b8-f7e6486e0c8c"")",This location is temporarily closed.
3da86cc9-e734-403b-87b9-5a0a9e2f876a,,,event,service_other_info,location_event_not_supported,https://gogetta.nyc/team/location/3da86cc9-e734-403b-87b9-5a0a9e2f876a,"=HYPERLINK(""https://gogetta.nyc/team/location/3da86cc9-e734-403b-87b9-5a0a9e2f876a"")","This location moved to <a href=""https://yourpeer.nyc/locations/office-of-state-senator-andrew-gounardes-497-carroll-st"">497 Carroll Street, Brooklyn, NY 11215</a>."
4066073b-312f-4c64-9a3e-ee2cb274b528,,,event,service_other_info,location_event_not_supported,https://gogetta.nyc/team/location/4066073b-312f-4c64-9a3e-ee2cb274b528,"=HYPERLINK(""https://gogetta.nyc/team/location/4066073b-312f-4c64-9a3e-ee2cb274b528"")",This location is temporarily moved to 1310 Rockaway Parkway.
408c0c23-dbbf-48f0-9900-0d199559ad7b,,,event,service_other_info,location_event_not_supported,https://gogetta.nyc/team/location/408c0c23-dbbf-48f0-9900-0d199559ad7b,"=HYPERLINK(""https://gogetta.nyc/team/location/408c0c23-dbbf-48f0-9900-0d199559ad7b"")",This location is temporarily closed.
40e8d84c-d99b-4720-aae1-92895540fd46,,,event,service_other_info,location_event_not_supported,https://gogetta.nyc/team/location/40e8d84c-d99b-4720-aae1-92895540fd46,"=HYPERLINK(""https://gogetta.nyc/team/location/40e8d84c-d99b-4720-aae1-92895540fd46"")",This location has moved around the corner to 211 Canal Street.
4320d816-2075-47ae-8d7a-8da71ccf6f06,,,event,service_other_info,location_event_not_supported,https://gogetta.nyc/team/location/4320d816-2075-47ae-8d7a-8da71ccf6f06,"=HYPERLINK(""https://gogetta.nyc/team/location/4320d816-2075-47ae-8d7a-8da71ccf6f06"")",This location is temporarily closed.
4331d071-02fc-4d5f-b365-d65b13df8636,,,event,service_other_info,location_event_not_supported,https://gogetta.nyc/team/location/4331d071-02fc-4d5f-b365-d65b13df8636,"=HYPERLINK(""https://gogetta.nyc/team/location/4331d071-02fc-4d5f-b365-d65b13df8636"")",This location is temporarily closed.
4430702d-ab0e-48ad-a5af-60641297c47a,,,event,service_other_info,location_event_not_supported,https://gogetta.nyc/team/location/4430702d-ab0e-48ad-a5af-60641297c47a,"=HYPERLINK(""https://gogetta.nyc/team/location/4430702d-ab0e-48ad-a5af-60641297c47a"")",This location is permanently closed.
45366242-1af3-42cc-a301-3937d68aedab,,,event,service_other_info,location_event_not_supported,https://gogetta.nyc/team/location/45366242-1af3-42cc-a301-3937d68aedab,"=HYPERLINK(""https://gogetta.nyc/team/location/45366242-1af3-42cc-a301-3937d68aedab"")","Food pantry operations not following usual schedule during COVID-19 pandemic. Hours vary.
- Food is being prepared and distributed outside or delivered to peoples' homes."
45983208-dee6-4e07-9a0a-d236d674c8ae,,,event,service_other_info,location_event_not_supported,https://gogetta.nyc/team/location/45983208-dee6-4e07-9a0a-d236d674c8ae,"=HYPERLINK(""https://gogetta.nyc/team/location/45983208-dee6-4e07-9a0a-d236d674c8ae"")",This location is temporarily closed.
4a3e8ee2-127b-4e22-a82c-10c7f5dfb443,,,event,service_other_info,location_event_not_supported,https://gogetta.nyc/team/location/4a3e8ee2-127b-4e22-a82c-10c7f5dfb443,"=HYPERLINK(""https://gogetta.nyc/team/location/4a3e8ee2-127b-4e22-a82c-10c7f5dfb443"")",This location is temporarily closed.
4f22d8f0-9c43-4803-ae72-f91a22bf1705,,,event,service_other_info,location_event_not_supported,https://gogetta.nyc/team/location/4f22d8f0-9c43-4803-ae72-f91a22bf1705,"=HYPERLINK(""https://gogetta.nyc/team/location/4f22d8f0-9c43-4803-ae72-f91a22bf1705"")",This location is reserved for residents of the shelter.
50513c2b-b40b-488a-9ec6-a83215c70458,,,event,service_other_info,location_event_not_supported,https://gogetta.nyc/team/location/50513c2b-b40b-488a-9ec6-a83215c70458,"=HYPERLINK(""https://gogetta.nyc/team/location/50513c2b-b40b-488a-9ec6-a83215c70458"")","This location has moved to <a href=""https://www.google.com/maps/place/Christ+Jesus+Baptist+Church+-+Food+Pantry/@40.8095347,-73.9103115,17z/data=!4m15!1m8!3m7!1s0x89c2f5b97008f411:0x5e20c6b216ab07b2!2"
52ccf0b2-ae62-4426-9d87-efc90e4032b0,,,event,service_other_info,location_event_not_supported,https://gogetta.nyc/team/location/52ccf0b2-ae62-4426-9d87-efc90e4032b0,"=HYPERLINK(""https://gogetta.nyc/team/location/52ccf0b2-ae62-4426-9d87-efc90e4032b0"")",This location is permanently closed.
53772a3a-631f-45e4-aa87-50ec8930bd5c,,,event,service_other_info,location_event_not_supported,https://gogetta.nyc/team/location/53772a3a-631f-45e4-aa87-50ec8930bd5c,"=HYPERLINK(""https://gogetta.nyc/team/location/53772a3a-631f-45e4-aa87-50ec8930bd5c"")",This location is not open to the public.
54c4d791-510c-4a84-92d1-17b8fb5e5375,,,event,service_other_info,location_event_not_supported,https://gogetta.nyc/team/location/54c4d791-510c-4a84-92d1-17b8fb5e5375,"=HYPERLINK(""https://gogetta.nyc/team/location/54c4d791-510c-4a84-92d1-17b8fb5e5375"")",This location is closed.
54e5924b-992b-4072-a5e4-99289549f212,,,event,service_other_info,location_event_not_supported,https://gogetta.nyc/team/location/54e5924b-992b-4072-a5e4-99289549f212,"=HYPERLINK(""https://gogetta.nyc/team/location/54e5924b-992b-4072-a5e4-99289549f212"")",This location is temporarily closed.
56f62390-ed3c-46f4-87d5-16dcc3071c27,,,event,service_other_info,location_event_not_supported,https://gogetta.nyc/team/location/56f62390-ed3c-46f4-87d5-16dcc3071c27,"=HYPERLINK(""https://gogetta.nyc/team/location/56f62390-ed3c-46f4-87d5-16dcc3071c27"")","Moved to <a href=""https://yourpeer.nyc/locations/new-york-common-pantry-nycp-mott-haven"">788 Southern Blvd, Bronx, NY 10455</a>."
57614482-1c7f-420a-a4ae-ae3be404469b,,,event,service_other_info,location_event_not_supported,https://gogetta.nyc/team/location/57614482-1c7f-420a-a4ae-ae3be404469b,"=HYPERLINK(""https://gogetta.nyc/team/location/57614482-1c7f-420a-a4ae-ae3be404469b"")",This organization is permanently closed. Please text SICP to 726879 if you live nearby to schedule a plentiful pantry appointment at Reach Out and Touch Ministries at 51 Cottage Pl on Saturdays  (718)
57fe7a2a-5b53-405a-a820-bf93844b77ef,,,event,service_other_info,location_event_not_supported,https://gogetta.nyc/team/location/57fe7a2a-5b53-405a-a820-bf93844b77ef,"=HYPERLINK(""https://gogetta.nyc/team/location/57fe7a2a-5b53-405a-a820-bf93844b77ef"")",This location is confidential
58ebbb13-092f-4847-8fac-045f9a4045d9,,,event,service_other_info,location_event_not_supported,https://gogetta.nyc/team/location/58ebbb13-092f-4847-8fac-045f9a4045d9,"=HYPERLINK(""https://gogetta.nyc/team/location/58ebbb13-092f-4847-8fac-045f9a4045d9"")","This location has moved to 641 Lexington Ave, 13th Floor, New York, N.Y. 10022 
<BR>
<a href=""https://yourpeer.nyc/locations/weill-cornell-midtown-center-for-treatment-and-research"">see this page</a>"
59cfbb64-0527-4b95-a0dd-ce490625452c,,,event,service_other_info,location_event_not_supported,https://gogetta.nyc/team/location/59cfbb64-0527-4b95-a0dd-ce490625452c,"=HYPERLINK(""https://gogetta.nyc/team/location/59cfbb64-0527-4b95-a0dd-ce490625452c"")","The food pantry and soup kitchen are closed until further notice. For the most up-to-date information and services, please call listed number."
5bae4b6c-dabf-41b3-9ff8-2fd851837285,,,event,service_other_info,location_event_not_supported,https://gogetta.nyc/team/location/5bae4b6c-dabf-41b3-9ff8-2fd851837285,"=HYPERLINK(""https://gogetta.nyc/team/location/5bae4b6c-dabf-41b3-9ff8-2fd851837285"")","• This location is moved to <a href=""https://yourpeer.nyc/locations/dominican-womens-development-center-dwdc-309-audubon-ave-6-fl"" >309 Audubon Ave, 6 Fl</a>"
5edc5540-d81c-4eb3-988e-867e71faef75,,,event,service_other_info,location_event_not_supported,https://gogetta.nyc/team/location/5edc5540-d81c-4eb3-988e-867e71faef75,"=HYPERLINK(""https://gogetta.nyc/team/location/5edc5540-d81c-4eb3-988e-867e71faef75"")",This location is temporarily closed.
628f6461-5867-497a-b278-6f59f378c5f9,,,event,service_other_info,location_event_not_supported,https://gogetta.nyc/team/location/628f6461-5867-497a-b278-6f59f378c5f9,"=HYPERLINK(""https://gogetta.nyc/team/location/628f6461-5867-497a-b278-6f59f378c5f9"")",This location is closed.
639a7b12-c0ac-40b6-973f-5cfeaf15065a,,,event,service_other_info,location_event_not_supported,https://gogetta.nyc/team/location/639a7b12-c0ac-40b6-973f-5cfeaf15065a,"=HYPERLINK(""https://gogetta.nyc/team/location/639a7b12-c0ac-40b6-973f-5cfeaf15065a"")","• This location moved to <a href=""https://yourpeer.nyc/locations/vertex-llc-770-east-176th-st#Mental-Health"" >770 E 176th St, Bronx, NY 10460</a>"
63dce2b1-41f3-4ad0-9626-cc9ed97d2460,,,event,service_other_info,location_event_not_supported,https://gogetta.nyc/team/location/63dce2b1-41f3-4ad0-9626-cc9ed97d2460,"=HYPERLINK(""https://gogetta.nyc/team/location/63dce2b1-41f3-4ad0-9626-cc9ed97d2460"")",Catholic church that does not offer any services at the moment as of 9/5/23
6408d71d-6b43-4dbc-891b-e4f4902d84da,,,event,service_other_info,location_event_not_supported,https://gogetta.nyc/team/location/6408d71d-6b43-4dbc-891b-e4f4902d84da,"=HYPERLINK(""https://gogetta.nyc/team/location/6408d71d-6b43-4dbc-891b-e4f4902d84da"")",This location is closed.
642a671b-585b-484f-9c8c-0b966a23d2af,,,event,service_other_info,location_event_not_supported,https://gogetta.nyc/team/location/642a671b-585b-484f-9c8c-0b966a23d2af,"=HYPERLINK(""https://gogetta.nyc/team/location/642a671b-585b-484f-9c8c-0b966a23d2af"")",Temporarily closed until further notice due to COVID19
69ccccb5-9843-46cc-9034-3d954089522f,,,event,service_other_info,location_event_not_supported,https://gogetta.nyc/team/location/69ccccb5-9843-46cc-9034-3d954089522f,"=HYPERLINK(""https://gogetta.nyc/team/location/69ccccb5-9843-46cc-9034-3d954089522f"")",This location recently moved to 42 Broadway.
6eb60e6f-2cef-4423-9716-01917c6c676d,,,event,service_other_info,location_event_not_supported,https://gogetta.nyc/team/location/6eb60e6f-2cef-4423-9716-01917c6c676d,"=HYPERLINK(""https://gogetta.nyc/team/location/6eb60e6f-2cef-4423-9716-01917c6c676d"")",Temporarily closed
7029d4e4-f928-4a7b-934b-ec12dcb443a9,,,event,service_other_info,location_event_not_supported,https://gogetta.nyc/team/location/7029d4e4-f928-4a7b-934b-ec12dcb443a9,"=HYPERLINK(""https://gogetta.nyc/team/location/7029d4e4-f928-4a7b-934b-ec12dcb443a9"")",Temporarily closed until further notice
71dbb645-d270-4729-8c45-09790e653773,,,event,service_other_info,location_event_not_supported,https://gogetta.nyc/team/location/71dbb645-d270-4729-8c45-09790e653773,"=HYPERLINK(""https://gogetta.nyc/team/location/71dbb645-d270-4729-8c45-09790e653773"")",Temporarily closed until further notice
75d45fce-9917-4df9-8509-50b49e76f1ac,,,event,service_other_info,location_event_not_supported,https://gogetta.nyc/team/location/75d45fce-9917-4df9-8509-50b49e76f1ac,"=HYPERLINK(""https://gogetta.nyc/team/location/75d45fce-9917-4df9-8509-50b49e76f1ac"")","Do not walk in unless you have a court referral. 
2nd floor: ROAR, ACES, MAAP, CHOICES, JAG, Works    Plus
3rd floor: Pre-Trial Supervised Release"
77513a72-eb45-4a27-a542-ddb5f849b391,,,event,service_other_info,location_event_not_supported,https://gogetta.nyc/team/location/77513a72-eb45-4a27-a542-ddb5f849b391,"=HYPERLINK(""https://gogetta.nyc/team/location/77513a72-eb45-4a27-a542-ddb5f849b391"")",This location is temporarily closed.
7853c15e-8d61-4b94-bb68-6346a9fea17c,,,event,service_other_info,location_event_not_supported,https://gogetta.nyc/team/location/7853c15e-8d61-4b94-bb68-6346a9fea17c,"=HYPERLINK(""https://gogetta.nyc/team/location/7853c15e-8d61-4b94-bb68-6346a9fea17c"")",This location is permanently closed.
7982ae8a-ff39-4574-b925-f590395499ec,,,event,service_other_info,location_event_not_supported,https://gogetta.nyc/team/location/7982ae8a-ff39-4574-b925-f590395499ec,"=HYPERLINK(""https://gogetta.nyc/team/location/7982ae8a-ff39-4574-b925-f590395499ec"")",This location has moved to 300 Flatbush Ave.
7a55d9cc-dcfa-4d47-8ba0-e0271f67fdd8,,,event,service_other_info,location_event_not_supported,https://gogetta.nyc/team/location/7a55d9cc-dcfa-4d47-8ba0-e0271f67fdd8,"=HYPERLINK(""https://gogetta.nyc/team/location/7a55d9cc-dcfa-4d47-8ba0-e0271f67fdd8"")",Closed until further notice
7aa093b9-f3ab-4fc0-af64-380053fd7bff,,,event,service_other_info,location_event_not_supported,https://gogetta.nyc/team/location/7aa093b9-f3ab-4fc0-af64-380053fd7bff,"=HYPERLINK(""https://gogetta.nyc/team/location/7aa093b9-f3ab-4fc0-af64-380053fd7bff"")",Temporarily closed until further notice
7af602c1-d4e6-48a7-bc87-c6f0a1e5a667,,,event,service_other_info,location_event_not_supported,https://gogetta.nyc/team/location/7af602c1-d4e6-48a7-bc87-c6f0a1e5a667,"=HYPERLINK(""https://gogetta.nyc/team/location/7af602c1-d4e6-48a7-bc87-c6f0a1e5a667"")","This location is an administrative office. They offer education in neighboring schools, there is no way to sign up unless it is offered at your school."
7c560661-5f54-4ed8-b97d-642654b5b79f,,,event,service_other_info,location_event_not_supported,https://gogetta.nyc/team/location/7c560661-5f54-4ed8-b97d-642654b5b79f,"=HYPERLINK(""https://gogetta.nyc/team/location/7c560661-5f54-4ed8-b97d-642654b5b79f"")",This location is permanently closed.
7d7b9a72-a842-40c3-9b9c-4aa446b393a5,,,event,service_other_info,location_event_not_supported,https://gogetta.nyc/team/location/7d7b9a72-a842-40c3-9b9c-4aa446b393a5,"=HYPERLINK(""https://gogetta.nyc/team/location/7d7b9a72-a842-40c3-9b9c-4aa446b393a5"")","This location is permanently closed. Please check out <a href=""https://yourpeer.nyc/locations/the-door-hudson-square"">The Door</a> in SoHo as an alternative, or search for another DYCD Youth Drop-In c"
7e2fc0d8-d5f7-480f-9dcd-8d366115e8e7,,,event,service_other_info,location_event_not_supported,https://gogetta.nyc/team/location/7e2fc0d8-d5f7-480f-9dcd-8d366115e8e7,"=HYPERLINK(""https://gogetta.nyc/team/location/7e2fc0d8-d5f7-480f-9dcd-8d366115e8e7"")",This location is closed.
8145861c-14c8-4f34-9679-ea10fd879276,,,event,service_other_info,location_event_not_supported,https://gogetta.nyc/team/location/8145861c-14c8-4f34-9679-ea10fd879276,"=HYPERLINK(""https://gogetta.nyc/team/location/8145861c-14c8-4f34-9679-ea10fd879276"")",This location is temporarily closed.
8176588a-4466-4f35-b2e6-d6037d20d721,,,event,service_other_info,location_event_not_supported,https://gogetta.nyc/team/location/8176588a-4466-4f35-b2e6-d6037d20d721,"=HYPERLINK(""https://gogetta.nyc/team/location/8176588a-4466-4f35-b2e6-d6037d20d721"")",Temporarily closed until further notice
8443a07d-8ebd-4394-bb9e-602c3f36124a,,,event,service_other_info,location_event_not_supported,https://gogetta.nyc/team/location/8443a07d-8ebd-4394-bb9e-602c3f36124a,"=HYPERLINK(""https://gogetta.nyc/team/location/8443a07d-8ebd-4394-bb9e-602c3f36124a"")",This location is temporarily closed.
87b74e4b-6a7a-4d76-8db4-3cb5638f5e98,,,event,service_other_info,location_event_not_supported,https://gogetta.nyc/team/location/87b74e4b-6a7a-4d76-8db4-3cb5638f5e98,"=HYPERLINK(""https://gogetta.nyc/team/location/87b74e4b-6a7a-4d76-8db4-3cb5638f5e98"")",This organization is permanently closed
8b309368-e263-4959-9326-02ce0b8f8481,923c2c15-e7b2-44eb-b718-6b2830ee575a,,service,service_description,broken_html,https://gogetta.nyc/team/location/8b309368-e263-4959-9326-02ce0b8f8481/services/923c2c15-e7b2-44eb-b718-6b2830ee575a/description,"=HYPERLINK(""https://gogetta.nyc/team/location/8b309368-e263-4959-9326-02ce0b8f8481/services/923c2c15-e7b2-44eb-b718-6b2830ee575a/description"")","• NY Connects</b> social service referrals are available to anyone
• The following programs are available to people over 60 years old living in Staten Island, regardless of income or immigration statu"
8dafb345-8b13-4f8c-8825-764db1acb55e,,,event,service_other_info,location_event_not_supported,https://gogetta.nyc/team/location/8dafb345-8b13-4f8c-8825-764db1acb55e,"=HYPERLINK(""https://gogetta.nyc/team/location/8dafb345-8b13-4f8c-8825-764db1acb55e"")",This location is closed.
97476fd1-e584-4bd6-833b-77b47aa8bf83,,,event,service_other_info,location_event_not_supported,https://gogetta.nyc/team/location/97476fd1-e584-4bd6-833b-77b47aa8bf83,"=HYPERLINK(""https://gogetta.nyc/team/location/97476fd1-e584-4bd6-833b-77b47aa8bf83"")","Temporarily closed until further notice due to COVID-19
- Email inquiries only"
9cc9bcf7-83fd-4247-86c4-88245b1bf28c,,,event,service_other_info,location_event_not_supported,https://gogetta.nyc/team/location/9cc9bcf7-83fd-4247-86c4-88245b1bf28c,"=HYPERLINK(""https://gogetta.nyc/team/location/9cc9bcf7-83fd-4247-86c4-88245b1bf28c"")","Temporarily closed, may resume service in October"
a00030b5-9225-4517-97ab-918104e24627,,,event,service_other_info,location_event_not_supported,https://gogetta.nyc/team/location/a00030b5-9225-4517-97ab-918104e24627,"=HYPERLINK(""https://gogetta.nyc/team/location/a00030b5-9225-4517-97ab-918104e24627"")",This location is moved to 1160 5th Ave.
a0dfa931-e5da-42e9-b709-12828615b341,,,event,service_other_info,location_event_not_supported,https://gogetta.nyc/team/location/a0dfa931-e5da-42e9-b709-12828615b341,"=HYPERLINK(""https://gogetta.nyc/team/location/a0dfa931-e5da-42e9-b709-12828615b341"")",This location is closed.
a2e5f115-239f-4af7-9a51-f843577b245b,,,event,service_other_info,location_event_not_supported,https://gogetta.nyc/team/location/a2e5f115-239f-4af7-9a51-f843577b245b,"=HYPERLINK(""https://gogetta.nyc/team/location/a2e5f115-239f-4af7-9a51-f843577b245b"")","• This location is temporarily relocated to <a href=""https://yourpeer.nyc/locations/ocean-bay-community-development-corporation-cdc-edgemere"" >57-10 Beach Channel Dr</a>"
a4b03f0b-10f0-4520-b4b4-82febfbb45a8,,,event,service_other_info,location_event_not_supported,https://gogetta.nyc/team/location/a4b03f0b-10f0-4520-b4b4-82febfbb45a8,"=HYPERLINK(""https://gogetta.nyc/team/location/a4b03f0b-10f0-4520-b4b4-82febfbb45a8"")",This location is temporarily closed.
a8acfb39-eb8f-408b-b790-7281fae59e7c,,,event,service_other_info,location_event_not_supported,https://gogetta.nyc/team/location/a8acfb39-eb8f-408b-b790-7281fae59e7c,"=HYPERLINK(""https://gogetta.nyc/team/location/a8acfb39-eb8f-408b-b790-7281fae59e7c"")",This location is closed.
ae95f7eb-3c21-4235-ba99-7c88f5c035ff,,,event,service_other_info,location_event_not_supported,https://gogetta.nyc/team/location/ae95f7eb-3c21-4235-ba99-7c88f5c035ff,"=HYPERLINK(""https://gogetta.nyc/team/location/ae95f7eb-3c21-4235-ba99-7c88f5c035ff"")","• This location is moved to <a href=""https://yourpeer.nyc/locations/the-alex-house-project-ahp"">9 Bond St</a>
"
af2f0bd3-6a66-4322-896e-f8b8ae67208b,,,event,service_other_info,location_event_not_supported,https://gogetta.nyc/team/location/af2f0bd3-6a66-4322-896e-f8b8ae67208b,"=HYPERLINK(""https://gogetta.nyc/team/location/af2f0bd3-6a66-4322-896e-f8b8ae67208b"")",This location is permanently closed.
b0e5bab3-3aab-4773-8884-e09bfca10317,,,event,service_other_info,location_event_not_supported,https://gogetta.nyc/team/location/b0e5bab3-3aab-4773-8884-e09bfca10317,"=HYPERLINK(""https://gogetta.nyc/team/location/b0e5bab3-3aab-4773-8884-e09bfca10317"")",Closed until further notice
b0ed0a9b-f14b-45a0-ab05-29bbb41185ae,,,event,service_other_info,location_event_not_supported,https://gogetta.nyc/team/location/b0ed0a9b-f14b-45a0-ab05-29bbb41185ae,"=HYPERLINK(""https://gogetta.nyc/team/location/b0ed0a9b-f14b-45a0-ab05-29bbb41185ae"")",Temporarily closed until further notice
b1297c1a-b54a-4fcb-8784-bb73d45e283a,,,event,service_other_info,location_event_not_supported,https://gogetta.nyc/team/location/b1297c1a-b54a-4fcb-8784-bb73d45e283a,"=HYPERLINK(""https://gogetta.nyc/team/location/b1297c1a-b54a-4fcb-8784-bb73d45e283a"")",This location is temporarily closed.
b1806a76-8505-4106-8cff-a018e6daf169,,,event,service_other_info,location_event_not_supported,https://gogetta.nyc/team/location/b1806a76-8505-4106-8cff-a018e6daf169,"=HYPERLINK(""https://gogetta.nyc/team/location/b1806a76-8505-4106-8cff-a018e6daf169"")",This location is temporarily closed.
b21789ed-6b24-43e3-98c7-3527d3f29f78,,,event,service_other_info,location_event_not_supported,https://gogetta.nyc/team/location/b21789ed-6b24-43e3-98c7-3527d3f29f78,"=HYPERLINK(""https://gogetta.nyc/team/location/b21789ed-6b24-43e3-98c7-3527d3f29f78"")",The food pantry is closed until further notice
b293f4ea-8e18-4455-be27-75e20774928c,,,event,service_other_info,location_event_not_supported,https://gogetta.nyc/team/location/b293f4ea-8e18-4455-be27-75e20774928c,"=HYPERLINK(""https://gogetta.nyc/team/location/b293f4ea-8e18-4455-be27-75e20774928c"")",This location is temporarily closed.
b2a8625a-8332-4b90-94b0-a4bca6ea208d,,,event,service_other_info,location_event_not_supported,https://gogetta.nyc/team/location/b2a8625a-8332-4b90-94b0-a4bca6ea208d,"=HYPERLINK(""https://gogetta.nyc/team/location/b2a8625a-8332-4b90-94b0-a4bca6ea208d"")",This location is temporarily closed.
b76a421e-54cb-4965-b20c-fd63506a487d,,,event,service_other_info,location_event_not_supported,https://gogetta.nyc/team/location/b76a421e-54cb-4965-b20c-fd63506a487d,"=HYPERLINK(""https://gogetta.nyc/team/location/b76a421e-54cb-4965-b20c-fd63506a487d"")",This location is temporarily closed.
b7be9f6e-ddc1-49e5-a0c0-77e51f608a46,,,event,service_other_info,location_event_not_supported,https://gogetta.nyc/team/location/b7be9f6e-ddc1-49e5-a0c0-77e51f608a46,"=HYPERLINK(""https://gogetta.nyc/team/location/b7be9f6e-ddc1-49e5-a0c0-77e51f608a46"")",This location is temporarily closed due to construction. Unknown anticipated reopen date.
b7ddf8be-cd43-4c91-87e2-ca05f12e763e,,,event,service_other_info,location_event_not_supported,https://gogetta.nyc/team/location/b7ddf8be-cd43-4c91-87e2-ca05f12e763e,"=HYPERLINK(""https://gogetta.nyc/team/location/b7ddf8be-cd43-4c91-87e2-ca05f12e763e"")","• This location is moved to <a href=""https://yourpeer.nyc/locations/homecrest-community-services"" >6915 15th Ave</a>"
b81820f5-2b58-4afc-a443-38735dc06088,,,event,service_other_info,location_event_not_supported,https://gogetta.nyc/team/location/b81820f5-2b58-4afc-a443-38735dc06088,"=HYPERLINK(""https://gogetta.nyc/team/location/b81820f5-2b58-4afc-a443-38735dc06088"")",Office closed until further notice
bcf2d895-306f-4b03-914b-6b0edd9287ae,,,event,service_other_info,location_event_not_supported,https://gogetta.nyc/team/location/bcf2d895-306f-4b03-914b-6b0edd9287ae,"=HYPERLINK(""https://gogetta.nyc/team/location/bcf2d895-306f-4b03-914b-6b0edd9287ae"")",This location is temporarily closed.
bda5e0af-8015-4fa0-8143-a596e1932611,,,event,service_other_info,location_event_not_supported,https://gogetta.nyc/team/location/bda5e0af-8015-4fa0-8143-a596e1932611,"=HYPERLINK(""https://gogetta.nyc/team/location/bda5e0af-8015-4fa0-8143-a596e1932611"")",This location is temporarily closed.
c1e3b264-65e6-4382-8316-28d3b64f3d80,,,event,service_other_info,location_event_not_supported,https://gogetta.nyc/team/location/c1e3b264-65e6-4382-8316-28d3b64f3d80,"=HYPERLINK(""https://gogetta.nyc/team/location/c1e3b264-65e6-4382-8316-28d3b64f3d80"")","This location is permanently closed. Please visit MRNY <a href=""https://yourpeer.nyc/locations/make-the-road-new-york-mrny-104-19-roosevelt-ave#Advocates-/-Legal-Aid"">here</a>."
c2415f0d-f72a-4048-8db5-e9e1580003d9,,,event,service_other_info,location_event_not_supported,https://gogetta.nyc/team/location/c2415f0d-f72a-4048-8db5-e9e1580003d9,"=HYPERLINK(""https://gogetta.nyc/team/location/c2415f0d-f72a-4048-8db5-e9e1580003d9"")",Temporarily closed until further notice. Call 311 for the food delivery program.
c90b5adb-0f69-4f92-9a2f-d8a2a4cf37a5,,,event,service_other_info,location_event_not_supported,https://gogetta.nyc/team/location/c90b5adb-0f69-4f92-9a2f-d8a2a4cf37a5,"=HYPERLINK(""https://gogetta.nyc/team/location/c90b5adb-0f69-4f92-9a2f-d8a2a4cf37a5"")",Temporarily closed until further notice
ca006a06-2a9e-4b2c-ab51-fa03afa60588,,,event,service_other_info,location_event_not_supported,https://gogetta.nyc/team/location/ca006a06-2a9e-4b2c-ab51-fa03afa60588,"=HYPERLINK(""https://gogetta.nyc/team/location/ca006a06-2a9e-4b2c-ab51-fa03afa60588"")",This location is temporarily closed.
ca03e71c-890b-4917-8c06-dcaeefaaabdf,,,event,service_other_info,location_event_not_supported,https://gogetta.nyc/team/location/ca03e71c-890b-4917-8c06-dcaeefaaabdf,"=HYPERLINK(""https://gogetta.nyc/team/location/ca03e71c-890b-4917-8c06-dcaeefaaabdf"")",This location is temporarily closed.
ca8024d4-17fb-476c-98bf-de6ae1749d08,,,event,service_other_info,location_event_not_supported,https://gogetta.nyc/team/location/ca8024d4-17fb-476c-98bf-de6ae1749d08,"=HYPERLINK(""https://gogetta.nyc/team/location/ca8024d4-17fb-476c-98bf-de6ae1749d08"")",This location is temporarily closed.
d05a5fdc-2fd0-46ae-8b0d-377fa0de4f1e,,,event,service_other_info,location_event_not_supported,https://gogetta.nyc/team/location/d05a5fdc-2fd0-46ae-8b0d-377fa0de4f1e,"=HYPERLINK(""https://gogetta.nyc/team/location/d05a5fdc-2fd0-46ae-8b0d-377fa0de4f1e"")",Temporarily closed until further notice
d929306a-8d2d-4ecb-8ee5-1a06854bd07f,,,event,service_other_info,location_event_not_supported,https://gogetta.nyc/team/location/d929306a-8d2d-4ecb-8ee5-1a06854bd07f,"=HYPERLINK(""https://gogetta.nyc/team/location/d929306a-8d2d-4ecb-8ee5-1a06854bd07f"")","Please visit yourpeer.nyc to see their current location at 521 W 126th St
(Basement of St. Mary’s Episcopal Church at 126th Street and Old Broadway)"
dcf7a76e-cc7d-4ad7-b87c-1ef0a11817e0,,,event,service_other_info,location_event_not_supported,https://gogetta.nyc/team/location/dcf7a76e-cc7d-4ad7-b87c-1ef0a11817e0,"=HYPERLINK(""https://gogetta.nyc/team/location/dcf7a76e-cc7d-4ad7-b87c-1ef0a11817e0"")",This location is temporarily closed.
e23934e6-a114-4988-89be-266e59692644,,,event,service_other_info,location_event_not_supported,https://gogetta.nyc/team/location/e23934e6-a114-4988-89be-266e59692644,"=HYPERLINK(""https://gogetta.nyc/team/location/e23934e6-a114-4988-89be-266e59692644"")",This location is temporarily closed.
e25b6163-dfdf-4bdf-835d-4019783e5eee,,,event,service_other_info,location_event_not_supported,https://gogetta.nyc/team/location/e25b6163-dfdf-4bdf-835d-4019783e5eee,"=HYPERLINK(""https://gogetta.nyc/team/location/e25b6163-dfdf-4bdf-835d-4019783e5eee"")",This location is temporarily closed.
e37eee4e-22a4-4972-b024-55ce08acf64c,,,event,service_other_info,location_event_not_supported,https://gogetta.nyc/team/location/e37eee4e-22a4-4972-b024-55ce08acf64c,"=HYPERLINK(""https://gogetta.nyc/team/location/e37eee4e-22a4-4972-b024-55ce08acf64c"")",This location is permanently closed.
ea00c781-92e3-47ee-b1d3-e9877fcf2099,,,event,service_other_info,location_event_not_supported,https://gogetta.nyc/team/location/ea00c781-92e3-47ee-b1d3-e9877fcf2099,"=HYPERLINK(""https://gogetta.nyc/team/location/ea00c781-92e3-47ee-b1d3-e9877fcf2099"")",This location is permanently closed.
ea75b29a-b541-48c7-be8a-b376da8e94de,,,event,service_other_info,location_event_not_supported,https://gogetta.nyc/team/location/ea75b29a-b541-48c7-be8a-b376da8e94de,"=HYPERLINK(""https://gogetta.nyc/team/location/ea75b29a-b541-48c7-be8a-b376da8e94de"")",This location is temporarily closed.
ebe1bc6d-cb12-44ce-aae0-78b9e384381e,,,event,service_other_info,location_event_not_supported,https://gogetta.nyc/team/location/ebe1bc6d-cb12-44ce-aae0-78b9e384381e,"=HYPERLINK(""https://gogetta.nyc/team/location/ebe1bc6d-cb12-44ce-aae0-78b9e384381e"")","By appointment ONLY by texting  ""Food"" to 726879"
eeed416f-d839-4bf7-a8cd-b38ec2e1994f,,,event,service_other_info,location_event_not_supported,https://gogetta.nyc/team/location/eeed416f-d839-4bf7-a8cd-b38ec2e1994f,"=HYPERLINK(""https://gogetta.nyc/team/location/eeed416f-d839-4bf7-a8cd-b38ec2e1994f"")",Closed during months of July and August
f39f7492-d3ac-47cb-a940-3c6b3200873b,,,event,service_other_info,location_event_not_supported,https://gogetta.nyc/team/location/f39f7492-d3ac-47cb-a940-3c6b3200873b,"=HYPERLINK(""https://gogetta.nyc/team/location/f39f7492-d3ac-47cb-a940-3c6b3200873b"")",Only offers food to current members; all other services are closed.
f3bffdc8-f420-4ba6-bca2-810e988ca557,,,event,service_other_info,location_event_not_supported,https://gogetta.nyc/team/location/f3bffdc8-f420-4ba6-bca2-810e988ca557,"=HYPERLINK(""https://gogetta.nyc/team/location/f3bffdc8-f420-4ba6-bca2-810e988ca557"")",Temporarily closed until further notice
f4ba0237-801c-49ab-b6f7-75054ec682da,,,event,service_other_info,location_event_not_supported,https://gogetta.nyc/team/location/f4ba0237-801c-49ab-b6f7-75054ec682da,"=HYPERLINK(""https://gogetta.nyc/team/location/f4ba0237-801c-49ab-b6f7-75054ec682da"")",This location is permanently closed.
f7790b46-9f3e-41f3-ba78-dce936ce154f,,,event,service_other_info,location_event_not_supported,https://gogetta.nyc/team/location/f7790b46-9f3e-41f3-ba78-dce936ce154f,"=HYPERLINK(""https://gogetta.nyc/team/location/f7790b46-9f3e-41f3-ba78-dce936ce154f"")","They occasionally have addiction studies providing free treatment; no studies are offered as of November 2024; feel free to check back by calling <a href=""tel:2129233031"">(212) 923-3031</a>."
f835860a-121d-4bd2-905e-3636eb9b2d05,,,event,service_other_info,location_event_not_supported,https://gogetta.nyc/team/location/f835860a-121d-4bd2-905e-3636eb9b2d05,"=HYPERLINK(""https://gogetta.nyc/team/location/f835860a-121d-4bd2-905e-3636eb9b2d05"")",This location is temporarily closed.
fcc113f3-360d-4af1-b68f-fc8aa03c65bb,,,event,service_other_info,location_event_not_supported,https://gogetta.nyc/team/location/fcc113f3-360d-4af1-b68f-fc8aa03c65bb,"=HYPERLINK(""https://gogetta.nyc/team/location/fcc113f3-360d-4af1-b68f-fc8aa03c65bb"")",Food pantry no longer running
fd607bec-b5d2-4bdb-8dbd-6d3295b440b6,,,event,service_other_info,location_event_not_supported,https://gogetta.nyc/team/location/fd607bec-b5d2-4bdb-8dbd-6d3295b440b6,"=HYPERLINK(""https://gogetta.nyc/team/location/fd607bec-b5d2-4bdb-8dbd-6d3295b440b6"")",This location is temporarily closed.
fda9ef80-2666-49b6-a925-b9ae63766c0f,,,event,service_other_info,location_event_not_supported,https://gogetta.nyc/team/location/fda9ef80-2666-49b6-a925-b9ae63766c0f,"=HYPERLINK(""https://gogetta.nyc/team/location/fda9ef80-2666-49b6-a925-b9ae63766c0f"")",This location is temporarily closed.
fdc531aa-7880-442c-9ce6-8148469fa45f,,,event,service_other_info,location_event_not_supported,https://gogetta.nyc/team/location/fdc531aa-7880-442c-9ce6-8148469fa45f,"=HYPERLINK(""https://gogetta.nyc/team/location/fdc531aa-7880-442c-9ce6-8148469fa45f"")",Temporarily closed until further notice
ff80d524-3fd1-4df7-88d6-d3d98ba4d32e,,,event,service_other_info,location_event_not_supported,https://gogetta.nyc/team/location/ff80d524-3fd1-4df7-88d6-d3d98ba4d32e,"=HYPERLINK(""https://gogetta.nyc/team/location/ff80d524-3fd1-4df7-88d6-d3d98ba4d32e"")",Temporarily closed until further notice
ffd30211-2a61-4f91-8461-d4c2b42aeaee,,,event,service_other_info,location_event_not_supported,https://gogetta.nyc/team/location/ffd30211-2a61-4f91-8461-d4c2b42aeaee,"=HYPERLINK(""https://gogetta.nyc/team/location/ffd30211-2a61-4f91-8461-d4c2b42aeaee"")",Moved to 217 E 42nd St.
8b309368-e263-4959-9326-02ce0b8f8481,923c2c15-e7b2-44eb-b718-6b2830ee575a,,service,service_description,broken_html,https://gogetta.nyc/team/location/8b309368-e263-4959-9326-02ce0b8f8481/services/923c2c15-e7b2-44eb-b718-6b2830ee575a/description,"=HYPERLINK(""https://gogetta.nyc/team/location/8b309368-e263-4959-9326-02ce0b8f8481/services/923c2c15-e7b2-44eb-b718-6b2830ee575a/description"")","• NY Connects</b> social service referrals are available to anyone
• The following programs are available to people over 60 years old living in Staten Island, regardless of income or immigration statu"
c1e3b264-65e6-4382-8316-28d3b64f3d80,,,event,service_other_info,location_event_not_supported,https://gogetta.nyc/team/location/c1e3b264-65e6-4382-8316-28d3b64f3d80,"=HYPERLINK(""https://gogetta.nyc/team/location/c1e3b264-65e6-4382-8316-28d3b64f3d80"")","This location is permanently closed. Please visit MRNY <a href=""https://yourpeer.nyc/locations/make-the-road-new-york-mrny-104-19-roosevelt-ave#Advocates-/-Legal-Aid"">here</a>."
e37eee4e-22a4-4972-b024-55ce08acf64c,,,event,service_other_info,location_event_not_supported,https://gogetta.nyc/team/location/e37eee4e-22a4-4972-b024-55ce08acf64c,"=HYPERLINK(""https://gogetta.nyc/team/location/e37eee4e-22a4-4972-b024-55ce08acf64c"")",This location is permanently closed.
f39f7492-d3ac-47cb-a940-3c6b3200873b,,,event,service_other_info,location_event_not_supported,https://gogetta.nyc/team/location/f39f7492-d3ac-47cb-a940-3c6b3200873b,"=HYPERLINK(""https://gogetta.nyc/team/location/f39f7492-d3ac-47cb-a940-3c6b3200873b"")",Only offers food to current members; all other services are closed.
f4ba0237-801c-49ab-b6f7-75054ec682da,,,event,service_other_info,location_event_not_supported,https://gogetta.nyc/team/location/f4ba0237-801c-49ab-b6f7-75054ec682da,"=HYPERLINK(""https://gogetta.nyc/team/location/f4ba0237-801c-49ab-b6f7-75054ec682da"")",This location is permanently closed.
f7790b46-9f3e-41f3-ba78-dce936ce154f,,,event,service_other_info,location_event_not_supported,https://gogetta.nyc/team/location/f7790b46-9f3e-41f3-ba78-dce936ce154f,"=HYPERLINK(""https://gogetta.nyc/team/location/f7790b46-9f3e-41f3-ba78-dce936ce154f"")","They occasionally have addiction studies providing free treatment; no studies are offered as of November 2024; feel free to check back by calling <a href=""tel:2129233031"">(212) 923-3031</a>."
058a39a5-c0d0-4ea0-b331-10b85fefe8d5,002e044c-f696-416c-8d8f-505f491bb193,,service,service_update,"patch_error:PATCH https://w6pkliozjh.execute-api.us-east-1.amazonaws.com/prod/services/002e044c-f696-416c-8d8f-505f491bb193 -> 401 {""message"":""The incoming token has expired""}",https://gogetta.nyc/team/location/058a39a5-c0d0-4ea0-b331-10b85fefe8d5/services/002e044c-f696-416c-8d8f-505f491bb193/description,"=HYPERLINK(""https://gogetta.nyc/team/location/058a39a5-c0d0-4ea0-b331-10b85fefe8d5/services/002e044c-f696-416c-8d8f-505f491bb193/description"")",
8b309368-e263-4959-9326-02ce0b8f8481,923c2c15-e7b2-44eb-b718-6b2830ee575a,,service,service_description,broken_html,https://gogetta.nyc/team/location/8b309368-e263-4959-9326-02ce0b8f8481/services/923c2c15-e7b2-44eb-b718-6b2830ee575a/description,"=HYPERLINK(""https://gogetta.nyc/team/location/8b309368-e263-4959-9326-02ce0b8f8481/services/923c2c15-e7b2-44eb-b718-6b2830ee575a/description"")","• NY Connects</b> social service referrals are available to anyone
• The following programs are available to people over 60 years old living in Staten Island, regardless of income or immigration statu"
c1e3b264-65e6-4382-8316-28d3b64f3d80,,,event,service_other_info,location_event_not_supported,https://gogetta.nyc/team/location/c1e3b264-65e6-4382-8316-28d3b64f3d80,"=HYPERLINK(""https://gogetta.nyc/team/location/c1e3b264-65e6-4382-8316-28d3b64f3d80"")","This location is permanently closed. Please visit MRNY <a href=""https://yourpeer.nyc/locations/make-the-road-new-york-mrny-104-19-roosevelt-ave#Advocates-/-Legal-Aid"">here</a>."
e37eee4e-22a4-4972-b024-55ce08acf64c,,,event,service_other_info,location_event_not_supported,https://gogetta.nyc/team/location/e37eee4e-22a4-4972-b024-55ce08acf64c,"=HYPERLINK(""https://gogetta.nyc/team/location/e37eee4e-22a4-4972-b024-55ce08acf64c"")",This location is permanently closed.
f39f7492-d3ac-47cb-a940-3c6b3200873b,,,event,service_other_info,location_event_not_supported,https://gogetta.nyc/team/location/f39f7492-d3ac-47cb-a940-3c6b3200873b,"=HYPERLINK(""https://gogetta.nyc/team/location/f39f7492-d3ac-47cb-a940-3c6b3200873b"")",Only offers food to current members; all other services are closed.
f4ba0237-801c-49ab-b6f7-75054ec682da,,,event,service_other_info,location_event_not_supported,https://gogetta.nyc/team/location/f4ba0237-801c-49ab-b6f7-75054ec682da,"=HYPERLINK(""https://gogetta.nyc/team/location/f4ba0237-801c-49ab-b6f7-75054ec682da"")",This location is permanently closed.
f7790b46-9f3e-41f3-ba78-dce936ce154f,,,event,service_other_info,location_event_not_supported,https://gogetta.nyc/team/location/f7790b46-9f3e-41f3-ba78-dce936ce154f,"=HYPERLINK(""https://gogetta.nyc/team/location/f7790b46-9f3e-41f3-ba78-dce936ce154f"")","They occasionally have addiction studies providing free treatment; no studies are offered as of November 2024; feel free to check back by calling <a href=""tel:2129233031"">(212) 923-3031</a>."
058a39a5-c0d0-4ea0-b331-10b85fefe8d5,002e044c-f696-416c-8d8f-505f491bb193,,service,service_update,"patch_error:PATCH https://w6pkliozjh.execute-api.us-east-1.amazonaws.com/prod/services/002e044c-f696-416c-8d8f-505f491bb193 -> 401 {""message"":""The incoming token has expired""}",https://gogetta.nyc/team/location/058a39a5-c0d0-4ea0-b331-10b85fefe8d5/services/002e044c-f696-416c-8d8f-505f491bb193/description,"=HYPERLINK(""https://gogetta.nyc/team/location/058a39a5-c0d0-4ea0-b331-10b85fefe8d5/services/002e044c-f696-416c-8d8f-505f491bb193/description"")",
8b309368-e263-4959-9326-02ce0b8f8481,923c2c15-e7b2-44eb-b718-6b2830ee575a,,service,service_description,broken_html,https://gogetta.nyc/team/location/8b309368-e263-4959-9326-02ce0b8f8481/services/923c2c15-e7b2-44eb-b718-6b2830ee575a/description,"=HYPERLINK(""https://gogetta.nyc/team/location/8b309368-e263-4959-9326-02ce0b8f8481/services/923c2c15-e7b2-44eb-b718-6b2830ee575a/description"")","• NY Connects</b> social service referrals are available to anyone
• The following programs are available to people over 60 years old living in Staten Island, regardless of income or immigration statu"
c1e3b264-65e6-4382-8316-28d3b64f3d80,,,event,service_other_info,location_event_not_supported,https://gogetta.nyc/team/location/c1e3b264-65e6-4382-8316-28d3b64f3d80,"=HYPERLINK(""https://gogetta.nyc/team/location/c1e3b264-65e6-4382-8316-28d3b64f3d80"")","This location is permanently closed. Please visit MRNY <a href=""https://yourpeer.nyc/locations/make-the-road-new-york-mrny-104-19-roosevelt-ave#Advocates-/-Legal-Aid"">here</a>."
e37eee4e-22a4-4972-b024-55ce08acf64c,,,event,service_other_info,location_event_not_supported,https://gogetta.nyc/team/location/e37eee4e-22a4-4972-b024-55ce08acf64c,"=HYPERLINK(""https://gogetta.nyc/team/location/e37eee4e-22a4-4972-b024-55ce08acf64c"")",This location is permanently closed.
f39f7492-d3ac-47cb-a940-3c6b3200873b,,,event,service_other_info,location_event_not_supported,https://gogetta.nyc/team/location/f39f7492-d3ac-47cb-a940-3c6b3200873b,"=HYPERLINK(""https://gogetta.nyc/team/location/f39f7492-d3ac-47cb-a940-3c6b3200873b"")",Only offers food to current members; all other services are closed.
f4ba0237-801c-49ab-b6f7-75054ec682da,,,event,service_other_info,location_event_not_supported,https://gogetta.nyc/team/location/f4ba0237-801c-49ab-b6f7-75054ec682da,"=HYPERLINK(""https://gogetta.nyc/team/location/f4ba0237-801c-49ab-b6f7-75054ec682da"")",This location is permanently closed.
f7790b46-9f3e-41f3-ba78-dce936ce154f,,,event,service_other_info,location_event_not_supported,https://gogetta.nyc/team/location/f7790b46-9f3e-41f3-ba78-dce936ce154f,"=HYPERLINK(""https://gogetta.nyc/team/location/f7790b46-9f3e-41f3-ba78-dce936ce154f"")","They occasionally have addiction studies providing free treatment; no studies are offered as of November 2024; feel free to check back by calling <a href=""tel:2129233031"">(212) 923-3031</a>."
058a39a5-c0d0-4ea0-b331-10b85fefe8d5,002e044c-f696-416c-8d8f-505f491bb193,,service,service_update,"patch_error:PATCH https://w6pkliozjh.execute-api.us-east-1.amazonaws.com/prod/services/002e044c-f696-416c-8d8f-505f491bb193 -> 401 {""message"":""Unauthorized""}",https://gogetta.nyc/team/location/058a39a5-c0d0-4ea0-b331-10b85fefe8d5/services/002e044c-f696-416c-8d8f-505f491bb193/description,"=HYPERLINK(""https://gogetta.nyc/team/location/058a39a5-c0d0-4ea0-b331-10b85fefe8d5/services/002e044c-f696-416c-8d8f-505f491bb193/description"")",
8b309368-e263-4959-9326-02ce0b8f8481,923c2c15-e7b2-44eb-b718-6b2830ee575a,,service,service_description,broken_html,https://gogetta.nyc/team/location/8b309368-e263-4959-9326-02ce0b8f8481/services/923c2c15-e7b2-44eb-b718-6b2830ee575a/description,"=HYPERLINK(""https://gogetta.nyc/team/location/8b309368-e263-4959-9326-02ce0b8f8481/services/923c2c15-e7b2-44eb-b718-6b2830ee575a/description"")","• NY Connects</b> social service referrals are available to anyone
• The following programs are available to people over 60 years old living in Staten Island, regardless of income or immigration statu"
c1e3b264-65e6-4382-8316-28d3b64f3d80,,,event,service_other_info,location_event_not_supported,https://gogetta.nyc/team/location/c1e3b264-65e6-4382-8316-28d3b64f3d80,"=HYPERLINK(""https://gogetta.nyc/team/location/c1e3b264-65e6-4382-8316-28d3b64f3d80"")","This location is permanently closed. Please visit MRNY <a href=""https://yourpeer.nyc/locations/make-the-road-new-york-mrny-104-19-roosevelt-ave#Advocates-/-Legal-Aid"">here</a>."
e37eee4e-22a4-4972-b024-55ce08acf64c,,,event,service_other_info,location_event_not_supported,https://gogetta.nyc/team/location/e37eee4e-22a4-4972-b024-55ce08acf64c,"=HYPERLINK(""https://gogetta.nyc/team/location/e37eee4e-22a4-4972-b024-55ce08acf64c"")",This location is permanently closed.
f39f7492-d3ac-47cb-a940-3c6b3200873b,,,event,service_other_info,location_event_not_supported,https://gogetta.nyc/team/location/f39f7492-d3ac-47cb-a940-3c6b3200873b,"=HYPERLINK(""https://gogetta.nyc/team/location/f39f7492-d3ac-47cb-a940-3c6b3200873b"")",Only offers food to current members; all other services are closed.
f4ba0237-801c-49ab-b6f7-75054ec682da,,,event,service_other_info,location_event_not_supported,https://gogetta.nyc/team/location/f4ba0237-801c-49ab-b6f7-75054ec682da,"=HYPERLINK(""https://gogetta.nyc/team/location/f4ba0237-801c-49ab-b6f7-75054ec682da"")",This location is permanently closed.
f7790b46-9f3e-41f3-ba78-dce936ce154f,,,event,service_other_info,location_event_not_supported,https://gogetta.nyc/team/location/f7790b46-9f3e-41f3-ba78-dce936ce154f,"=HYPERLINK(""https://gogetta.nyc/team/location/f7790b46-9f3e-41f3-ba78-dce936ce154f"")","They occasionally have addiction studies providing free treatment; no studies are offered as of November 2024; feel free to check back by calling <a href=""tel:2129233031"">(212) 923-3031</a>."
8b309368-e263-4959-9326-02ce0b8f8481,923c2c15-e7b2-44eb-b718-6b2830ee575a,,service,service_description,broken_html,https://gogetta.nyc/team/location/8b309368-e263-4959-9326-02ce0b8f8481/services/923c2c15-e7b2-44eb-b718-6b2830ee575a/description,"=HYPERLINK(""https://gogetta.nyc/team/location/8b309368-e263-4959-9326-02ce0b8f8481/services/923c2c15-e7b2-44eb-b718-6b2830ee575a/description"")","• NY Connects</b> social service referrals are available to anyone
• The following programs are available to people over 60 years old living in Staten Island, regardless of income or immigration statu"
c1e3b264-65e6-4382-8316-28d3b64f3d80,,,event,service_other_info,location_event_not_supported,https://gogetta.nyc/team/location/c1e3b264-65e6-4382-8316-28d3b64f3d80,"=HYPERLINK(""https://gogetta.nyc/team/location/c1e3b264-65e6-4382-8316-28d3b64f3d80"")","This location is permanently closed. Please visit MRNY <a href=""https://yourpeer.nyc/locations/make-the-road-new-york-mrny-104-19-roosevelt-ave#Advocates-/-Legal-Aid"">here</a>."
e37eee4e-22a4-4972-b024-55ce08acf64c,,,event,service_other_info,location_event_not_supported,https://gogetta.nyc/team/location/e37eee4e-22a4-4972-b024-55ce08acf64c,"=HYPERLINK(""https://gogetta.nyc/team/location/e37eee4e-22a4-4972-b024-55ce08acf64c"")",This location is permanently closed.
f39f7492-d3ac-47cb-a940-3c6b3200873b,,,event,service_other_info,location_event_not_supported,https://gogetta.nyc/team/location/f39f7492-d3ac-47cb-a940-3c6b3200873b,"=HYPERLINK(""https://gogetta.nyc/team/location/f39f7492-d3ac-47cb-a940-3c6b3200873b"")",Only offers food to current members; all other services are closed.
f4ba0237-801c-49ab-b6f7-75054ec682da,,,event,service_other_info,location_event_not_supported,https://gogetta.nyc/team/location/f4ba0237-801c-49ab-b6f7-75054ec682da,"=HYPERLINK(""https://gogetta.nyc/team/location/f4ba0237-801c-49ab-b6f7-75054ec682da"")",This location is permanently closed.
f7790b46-9f3e-41f3-ba78-dce936ce154f,,,event,service_other_info,location_event_not_supported,https://gogetta.nyc/team/location/f7790b46-9f3e-41f3-ba78-dce936ce154f,"=HYPERLINK(""https://gogetta.nyc/team/location/f7790b46-9f3e-41f3-ba78-dce936ce154f"")","They occasionally have addiction studies providing free treatment; no studies are offered as of November 2024; feel free to check back by calling <a href=""tel:2129233031"">(212) 923-3031</a>."
058a39a5-c0d0-4ea0-b331-10b85fefe8d5,002e044c-f696-416c-8d8f-505f491bb193,,service,service_update,"patch_error:PATCH https://w6pkliozjh.execute-api.us-east-1.amazonaws.com/prod/services/002e044c-f696-416c-8d8f-505f491bb193 -> 401 {""message"":""Unauthorized""}",https://gogetta.nyc/team/location/058a39a5-c0d0-4ea0-b331-10b85fefe8d5/services/002e044c-f696-416c-8d8f-505f491bb193/description,"=HYPERLINK(""https://gogetta.nyc/team/location/058a39a5-c0d0-4ea0-b331-10b85fefe8d5/services/002e044c-f696-416c-8d8f-505f491bb193/description"")",
8b309368-e263-4959-9326-02ce0b8f8481,923c2c15-e7b2-44eb-b718-6b2830ee575a,,service,service_description,broken_html,https://gogetta.nyc/team/location/8b309368-e263-4959-9326-02ce0b8f8481/services/923c2c15-e7b2-44eb-b718-6b2830ee575a/description,"=HYPERLINK(""https://gogetta.nyc/team/location/8b309368-e263-4959-9326-02ce0b8f8481/services/923c2c15-e7b2-44eb-b718-6b2830ee575a/description"")","• NY Connects</b> social service referrals are available to anyone
• The following programs are available to people over 60 years old living in Staten Island, regardless of income or immigration statu"
c1e3b264-65e6-4382-8316-28d3b64f3d80,,,event,service_other_info,location_event_not_supported,https://gogetta.nyc/team/location/c1e3b264-65e6-4382-8316-28d3b64f3d80,"=HYPERLINK(""https://gogetta.nyc/team/location/c1e3b264-65e6-4382-8316-28d3b64f3d80"")","This location is permanently closed. Please visit MRNY <a href=""https://yourpeer.nyc/locations/make-the-road-new-york-mrny-104-19-roosevelt-ave#Advocates-/-Legal-Aid"">here</a>."
e37eee4e-22a4-4972-b024-55ce08acf64c,,,event,service_other_info,location_event_not_supported,https://gogetta.nyc/team/location/e37eee4e-22a4-4972-b024-55ce08acf64c,"=HYPERLINK(""https://gogetta.nyc/team/location/e37eee4e-22a4-4972-b024-55ce08acf64c"")",This location is permanently closed.
f39f7492-d3ac-47cb-a940-3c6b3200873b,,,event,service_other_info,location_event_not_supported,https://gogetta.nyc/team/location/f39f7492-d3ac-47cb-a940-3c6b3200873b,"=HYPERLINK(""https://gogetta.nyc/team/location/f39f7492-d3ac-47cb-a940-3c6b3200873b"")",Only offers food to current members; all other services are closed.
f4ba0237-801c-49ab-b6f7-75054ec682da,,,event,service_other_info,location_event_not_supported,https://gogetta.nyc/team/location/f4ba0237-801c-49ab-b6f7-75054ec682da,"=HYPERLINK(""https://gogetta.nyc/team/location/f4ba0237-801c-49ab-b6f7-75054ec682da"")",This location is permanently closed.
f7790b46-9f3e-41f3-ba78-dce936ce154f,,,event,service_other_info,location_event_not_supported,https://gogetta.nyc/team/location/f7790b46-9f3e-41f3-ba78-dce936ce154f,"=HYPERLINK(""https://gogetta.nyc/team/location/f7790b46-9f3e-41f3-ba78-dce936ce154f"")","They occasionally have addiction studies providing free treatment; no studies are offered as of November 2024; feel free to check back by calling <a href=""tel:2129233031"">(212) 923-3031</a>."
b3ca691f-7a3e-4cd1-be97-50aad0a5199d,,ae8ba0f0-2dcf-451e-a7a4-37fd5e7f627c,phone,phone_number,"patch_error:PATCH https://w6pkliozjh.execute-api.us-east-1.amazonaws.com/prod/phones/ae8ba0f0-2dcf-451e-a7a4-37fd5e7f627c -> 401 {""message"":""The incoming token has expired""}",https://gogetta.nyc/team/location/b3ca691f-7a3e-4cd1-be97-50aad0a5199d/questions/phone-number/ae8ba0f0-2dcf-451e-a7a4-37fd5e7f627c,"=HYPERLINK(""https://gogetta.nyc/team/location/b3ca691f-7a3e-4cd1-be97-50aad0a5199d/questions/phone-number/ae8ba0f0-2dcf-451e-a7a4-37fd5e7f627c"")",
8b309368-e263-4959-9326-02ce0b8f8481,923c2c15-e7b2-44eb-b718-6b2830ee575a,,service,service_description,broken_html,https://gogetta.nyc/team/location/8b309368-e263-4959-9326-02ce0b8f8481/services/923c2c15-e7b2-44eb-b718-6b2830ee575a/description,"=HYPERLINK(""https://gogetta.nyc/team/location/8b309368-e263-4959-9326-02ce0b8f8481/services/923c2c15-e7b2-44eb-b718-6b2830ee575a/description"")","• NY Connects</b> social service referrals are available to anyone
• The following programs are available to people over 60 years old living in Staten Island, regardless of income or immigration statu"
c1e3b264-65e6-4382-8316-28d3b64f3d80,,,event,service_other_info,location_event_not_supported,https://gogetta.nyc/team/location/c1e3b264-65e6-4382-8316-28d3b64f3d80,"=HYPERLINK(""https://gogetta.nyc/team/location/c1e3b264-65e6-4382-8316-28d3b64f3d80"")","This location is permanently closed. Please visit MRNY <a href=""https://yourpeer.nyc/locations/make-the-road-new-york-mrny-104-19-roosevelt-ave#Advocates-/-Legal-Aid"">here</a>."
e37eee4e-22a4-4972-b024-55ce08acf64c,,,event,service_other_info,location_event_not_supported,https://gogetta.nyc/team/location/e37eee4e-22a4-4972-b024-55ce08acf64c,"=HYPERLINK(""https://gogetta.nyc/team/location/e37eee4e-22a4-4972-b024-55ce08acf64c"")",This location is permanently closed.
f39f7492-d3ac-47cb-a940-3c6b3200873b,,,event,service_other_info,location_event_not_supported,https://gogetta.nyc/team/location/f39f7492-d3ac-47cb-a940-3c6b3200873b,"=HYPERLINK(""https://gogetta.nyc/team/location/f39f7492-d3ac-47cb-a940-3c6b3200873b"")",Only offers food to current members; all other services are closed.
f4ba0237-801c-49ab-b6f7-75054ec682da,,,event,service_other_info,location_event_not_supported,https://gogetta.nyc/team/location/f4ba0237-801c-49ab-b6f7-75054ec682da,"=HYPERLINK(""https://gogetta.nyc/team/location/f4ba0237-801c-49ab-b6f7-75054ec682da"")",This location is permanently closed.
f7790b46-9f3e-41f3-ba78-dce936ce154f,,,event,service_other_info,location_event_not_supported,https://gogetta.nyc/team/location/f7790b46-9f3e-41f3-ba78-dce936ce154f,"=HYPERLINK(""https://gogetta.nyc/team/location/f7790b46-9f3e-41f3-ba78-dce936ce154f"")","They occasionally have addiction studies providing free treatment; no studies are offered as of November 2024; feel free to check back by calling <a href=""tel:2129233031"">(212) 923-3031</a>."
8b309368-e263-4959-9326-02ce0b8f8481,923c2c15-e7b2-44eb-b718-6b2830ee575a,,service,service_description,broken_html,https://gogetta.nyc/team/location/8b309368-e263-4959-9326-02ce0b8f8481/services/923c2c15-e7b2-44eb-b718-6b2830ee575a/description,"=HYPERLINK(""https://gogetta.nyc/team/location/8b309368-e263-4959-9326-02ce0b8f8481/services/923c2c15-e7b2-44eb-b718-6b2830ee575a/description"")","• NY Connects</b> social service referrals are available to anyone
• The following programs are available to people over 60 years old living in Staten Island, regardless of income or immigration statu"
c1e3b264-65e6-4382-8316-28d3b64f3d80,,,event,service_other_info,location_event_not_supported,https://gogetta.nyc/team/location/c1e3b264-65e6-4382-8316-28d3b64f3d80,"=HYPERLINK(""https://gogetta.nyc/team/location/c1e3b264-65e6-4382-8316-28d3b64f3d80"")","This location is permanently closed. Please visit MRNY <a href=""https://yourpeer.nyc/locations/make-the-road-new-york-mrny-104-19-roosevelt-ave#Advocates-/-Legal-Aid"">here</a>."
e37eee4e-22a4-4972-b024-55ce08acf64c,,,event,service_other_info,location_event_not_supported,https://gogetta.nyc/team/location/e37eee4e-22a4-4972-b024-55ce08acf64c,"=HYPERLINK(""https://gogetta.nyc/team/location/e37eee4e-22a4-4972-b024-55ce08acf64c"")",This location is permanently closed.
f39f7492-d3ac-47cb-a940-3c6b3200873b,,,event,service_other_info,location_event_not_supported,https://gogetta.nyc/team/location/f39f7492-d3ac-47cb-a940-3c6b3200873b,"=HYPERLINK(""https://gogetta.nyc/team/location/f39f7492-d3ac-47cb-a940-3c6b3200873b"")",Only offers food to current members; all other services are closed.
f4ba0237-801c-49ab-b6f7-75054ec682da,,,event,service_other_info,location_event_not_supported,https://gogetta.nyc/team/location/f4ba0237-801c-49ab-b6f7-75054ec682da,"=HYPERLINK(""https://gogetta.nyc/team/location/f4ba0237-801c-49ab-b6f7-75054ec682da"")",This location is permanently closed.
f7790b46-9f3e-41f3-ba78-dce936ce154f,,,event,service_other_info,location_event_not_supported,https://gogetta.nyc/team/location/f7790b46-9f3e-41f3-ba78-dce936ce154f,"=HYPERLINK(""https://gogetta.nyc/team/location/f7790b46-9f3e-41f3-ba78-dce936ce154f"")","They occasionally have addiction studies providing free treatment; no studies are offered as of November 2024; feel free to check back by calling <a href=""tel:2129233031"">(212) 923-3031</a>."
8b309368-e263-4959-9326-02ce0b8f8481,923c2c15-e7b2-44eb-b718-6b2830ee575a,,service,service_description,broken_html,https://gogetta.nyc/team/location/8b309368-e263-4959-9326-02ce0b8f8481/services/923c2c15-e7b2-44eb-b718-6b2830ee575a/description,"=HYPERLINK(""https://gogetta.nyc/team/location/8b309368-e263-4959-9326-02ce0b8f8481/services/923c2c15-e7b2-44eb-b718-6b2830ee575a/description"")","• NY Connects</b> social service referrals are available to anyone
• The following programs are available to people over 60 years old living in Staten Island, regardless of income or immigration statu"
c1e3b264-65e6-4382-8316-28d3b64f3d80,,,event,service_other_info,location_event_not_supported,https://gogetta.nyc/team/location/c1e3b264-65e6-4382-8316-28d3b64f3d80,"=HYPERLINK(""https://gogetta.nyc/team/location/c1e3b264-65e6-4382-8316-28d3b64f3d80"")","This location is permanently closed. Please visit MRNY <a href=""https://yourpeer.nyc/locations/make-the-road-new-york-mrny-104-19-roosevelt-ave#Advocates-/-Legal-Aid"">here</a>."
e37eee4e-22a4-4972-b024-55ce08acf64c,,,event,service_other_info,location_event_not_supported,https://gogetta.nyc/team/location/e37eee4e-22a4-4972-b024-55ce08acf64c,"=HYPERLINK(""https://gogetta.nyc/team/location/e37eee4e-22a4-4972-b024-55ce08acf64c"")",This location is permanently closed.
f39f7492-d3ac-47cb-a940-3c6b3200873b,,,event,service_other_info,location_event_not_supported,https://gogetta.nyc/team/location/f39f7492-d3ac-47cb-a940-3c6b3200873b,"=HYPERLINK(""https://gogetta.nyc/team/location/f39f7492-d3ac-47cb-a940-3c6b3200873b"")",Only offers food to current members; all other services are closed.
f4ba0237-801c-49ab-b6f7-75054ec682da,,,event,service_other_info,location_event_not_supported,https://gogetta.nyc/team/location/f4ba0237-801c-49ab-b6f7-75054ec682da,"=HYPERLINK(""https://gogetta.nyc/team/location/f4ba0237-801c-49ab-b6f7-75054ec682da"")",This location is permanently closed.
f7790b46-9f3e-41f3-ba78-dce936ce154f,,,event,service_other_info,location_event_not_supported,https://gogetta.nyc/team/location/f7790b46-9f3e-41f3-ba78-dce936ce154f,"=HYPERLINK(""https://gogetta.nyc/team/location/f7790b46-9f3e-41f3-ba78-dce936ce154f"")","They occasionally have addiction studies providing free treatment; no studies are offered as of November 2024; feel free to check back by calling <a href=""tel:2129233031"">(212) 923-3031</a>."
8b309368-e263-4959-9326-02ce0b8f8481,923c2c15-e7b2-44eb-b718-6b2830ee575a,,service,service_description,broken_html,https://gogetta.nyc/team/location/8b309368-e263-4959-9326-02ce0b8f8481/services/923c2c15-e7b2-44eb-b718-6b2830ee575a/description,"=HYPERLINK(""https://gogetta.nyc/team/location/8b309368-e263-4959-9326-02ce0b8f8481/services/923c2c15-e7b2-44eb-b718-6b2830ee575a/description"")","• NY Connects</b> social service referrals are available to anyone
• The following programs are available to people over 60 years old living in Staten Island, regardless of income or immigration statu"
c1e3b264-65e6-4382-8316-28d3b64f3d80,,,event,service_other_info,location_event_not_supported,https://gogetta.nyc/team/location/c1e3b264-65e6-4382-8316-28d3b64f3d80,"=HYPERLINK(""https://gogetta.nyc/team/location/c1e3b264-65e6-4382-8316-28d3b64f3d80"")","This location is permanently closed. Please visit MRNY <a href=""https://yourpeer.nyc/locations/make-the-road-new-york-mrny-104-19-roosevelt-ave#Advocates-/-Legal-Aid"">here</a>."
e37eee4e-22a4-4972-b024-55ce08acf64c,,,event,service_other_info,location_event_not_supported,https://gogetta.nyc/team/location/e37eee4e-22a4-4972-b024-55ce08acf64c,"=HYPERLINK(""https://gogetta.nyc/team/location/e37eee4e-22a4-4972-b024-55ce08acf64c"")",This location is permanently closed.
f39f7492-d3ac-47cb-a940-3c6b3200873b,,,event,service_other_info,location_event_not_supported,https://gogetta.nyc/team/location/f39f7492-d3ac-47cb-a940-3c6b3200873b,"=HYPERLINK(""https://gogetta.nyc/team/location/f39f7492-d3ac-47cb-a940-3c6b3200873b"")",Only offers food to current members; all other services are closed.
f4ba0237-801c-49ab-b6f7-75054ec682da,,,event,service_other_info,location_event_not_supported,https://gogetta.nyc/team/location/f4ba0237-801c-49ab-b6f7-75054ec682da,"=HYPERLINK(""https://gogetta.nyc/team/location/f4ba0237-801c-49ab-b6f7-75054ec682da"")",This location is permanently closed.
f7790b46-9f3e-41f3-ba78-dce936ce154f,,,event,service_other_info,location_event_not_supported,https://gogetta.nyc/team/location/f7790b46-9f3e-41f3-ba78-dce936ce154f,"=HYPERLINK(""https://gogetta.nyc/team/location/f7790b46-9f3e-41f3-ba78-dce936ce154f"")","They occasionally have addiction studies providing free treatment; no studies are offered as of November 2024; feel free to check back by calling <a href=""tel:2129233031"">(212) 923-3031</a>."
